,FAISS RAM usage,Mean encode question time,Mean encode passage time,Mean inference time,Std inference time,Acc@1,Acc@20,Acc@100,MRR
0,5167604,0.005023661743011826,0.010016031843097361,0.017846555519543148,0.00561200846920789,0.3805065234075211,0.8234842670759785,0.923561013046815,0.5021566702221512
