,FAISS RAM usage,Mean encode question time,Mean encode passage time,Mean inference time,Std inference time,Acc@1,Acc@20,Acc@100,MRR
0,4014832,0.0009055513102369682,0.003863006545850846,0.004828449587408433,0.001043609139176311,0.2402148887183423,0.6488104374520338,0.8030698388334613,0.3437130651107077
